,company,title,location,criteria,description
0,Serasa Experian,Cientista de Dados Jr,"Bras√≠lia, DF","N√≠vel de experi√™ncia
N√£o aplic√°vel","Descri√ß√£o da empresa

Um dos nossos objetivos √© sermos reconhecidos como uma companhia √°gil, voltada a tecnologia e inova√ß√£o. Portanto, acreditamos que trabalhar conectados como um time √∫nico e em um ambiente din√¢mico e desafiador √© extremamente importante para o crescimento pessoal e profissional dos nossos colaboradores. Para isso, buscamos pessoas engajadas e comprometidas com o nosso prop√≥sito, que se adaptem facilmente √†s cont√≠nuas mudan√ßas e mantenham as atitudes positivas, mesmo em circunst√¢ncias desafiadoras.



Decision Analytics

BrScan Data Science

Estamos com uma oportunidade de Data Science para atuar no grupo de antifraude da Experian. Exploramos a aplica√ß√£o de t√©cnicas de intelig√™ncia artificial e machine learning em problemas de vis√£o computacional para o combate de fraudes.















Experian Careers - Creating a better tomorrow together

Find out what its like to work for Experian by clicking here"
1,Ra√≠zen,Est√°gio Ci√™ncia de Dados,"S√£o Paulo, SP","N√≠vel de experi√™ncia
N√£o aplic√°vel","Est√° preparado(a) para cultivar novas experi√™ncias em um time que joga junto e valoriza o melhor de cada um(a)?

Aqui, os desafios se tornam oportunidades de inova√ß√£o que podem impactar na sua trajet√≥ria profissional e na vida de milh√µes no Brasil e no mundo. N√≥s buscamos pessoas , que realizem um trabalho que gere valor a nossos clientes e funcion√°rios(as).

Estamos buscando estagi√°rios (as), para atuar na √°rea de ci√™ncia de dados em nosso.



A √°rea de Ci√™ncia de Dados √© respons√°vel por entender problemas e identificar oportunidades em nas diversas √°reas de neg√≥cio da Ra√≠zen, e trabalhar em conjunto com essas √°reas e outros profissionais para propor e desenvolver solu√ß√µes baseadas em dados para solucionar os problemas e melhorar os processos da empresa. Nossa atua√ß√£o requer ferramentas e m√©todos diversos, como programa√ß√£o, an√°lise de dados, machine learning e otimiza√ß√£o.

A pessoa estagi√°ria de ci√™ncia de dados ter√° um dia a dia din√¢mico, participando de projetos importantes da companhia. Nesses projetos, ter√° oportunidade de aprofundar seu conhecimento e aprender novos conceitos e t√©cnicas, desenvolver parte das solu√ß√µes de ci√™ncia de dados em conjunto com o time e participar das discuss√µes para entendimento dos processos e constru√ß√£o conjunta das solu√ß√µes. O dia a dia envolve um mix de trabalho e estudo individual e diversas oportunidades para colabora√ß√£o com outros profissionais.





Oferecemos diferentes formas de energia que mobilizam pessoas e potencializam neg√≥cios, hoje e amanh√£. Somos l√≠deres do setor de energia, atuando desde o cultivo da , com a produ√ß√£o de , at√© log√≠stica, distribui√ß√£o e comercializa√ß√£o de pela marca.

https://www.facebook.com/RaizenOficial/

https://www.linkedin.com/company/raizen-sa/





N√£o fazemos distin√ß√£o entre pessoas candidatas seja por g√™nero, defici√™ncia, orienta√ß√£o sexual, ra√ßa/etnia, idade, origem, constitui√ß√£o familiar ou est√©tica.

Acreditamos nas individualidades que te torna um indiv√≠duo √∫nico, se voc√™ se identificou com a cultura e prop√≥sito da Ra√≠zen, vem com a gente!

‚ö° DIFERENTES TIPOS DE ENERGIA, CONSTRU√çDA POR UM TIME M√öLTIPLO E OUSADO ‚ö°

Somos uma refer√™ncia global em bioenergia. Joint venture entre a Shell e a Cosan, sendo a quarta empresa em , somos a a partir da cana-de-a√ß√∫car no mundo, al√©m de produzirmos a√ß√∫car e bioenergia. Distribu√≠mos combust√≠veis e tamb√©m os comercializamos em postos do Brasil e da Argentina, por meio dos . Investimos em para expandir a oferta de . Assim, trabalhamos pela na transi√ß√£o energ√©tica e para



Fazer , prezar pela e do nosso time, gerar e garantir uma fazem parte do nosso dia a dia.

Enquanto muitas empresas ainda fazem promessas para 2050, n√≥s ‚Äì evitamos 5,2MM de ton de C02 por ano (refer√™ncia de 2020) e at√© 2030 essa emiss√£o evitada. Por isso somosConhe√ßa nossos compromissos de sustentabilidade para at√© 2030.

üí°

Temos que permitem impulsionar a e administrar nossos neg√≥cios com mais Criamos o aplicativo , que nos aproxima do cliente final nos postos Shell e oferece umaE em nosso portf√≥lio de temos o E2G - ele √© produzido a partir de um processo inovador que possibilita a na mesma √°rea plantada. Tamb√©m contamos com onosso hub de inova√ß√£o aberta.

üíú

Respeito, diversidade e inclus√£o est√£o na raiz de tudo! Buscamos promover um ambiente de trabalho inovador, √©tico, inclusivo, seguro, que respeita as pessoas e suas individualidades e √© prop√≠cio ao desenvolvimento cont√≠nuo de habilidades comportamentais e profissionais.

‚ö° DIFERENTES TIPOS DE ENERGIA, CONSTRU√çDA POR UM TIME M√öLTIPLO E OUSADO ‚ö°

Somos uma refer√™ncia global em bioenergia. Joint venture entre a Shell e a Cosan, sendo a quarta empresa em , somos a a partir da cana-de-a√ß√∫car no mundo, al√©m de produzirmos a√ß√∫car e bioenergia. Distribu√≠mos combust√≠veis e tamb√©m os comercializamos em postos do Brasil e da Argentina, por meio dos . Investimos em para expandir a oferta de . Assim, trabalhamos pela na transi√ß√£o energ√©tica e para



Fazer , prezar pela e do nosso time, gerar e garantir uma fazem parte do nosso dia a dia.

Enquanto muitas empresas ainda fazem promessas para 2050, n√≥s ‚Äì evitamos 5,2MM de ton de C02 por ano (refer√™ncia de 2020) e at√© 2030 essa emiss√£o evitada. Por isso somosConhe√ßa nossos compromissos de sustentabilidade para at√© 2030.

üí°

Temos que permitem impulsionar a e administrar nossos neg√≥cios com mais Criamos o aplicativo , que nos aproxima do cliente final nos postos Shell e oferece umaE em nosso portf√≥lio de temos o E2G - ele √© produzido a partir de um processo inovador que possibilita a na mesma √°rea plantada. Tamb√©m contamos com onosso hub de inova√ß√£o aberta.

üíú

Respeito, diversidade e inclus√£o est√£o na raiz de tudo! Buscamos promover um ambiente de trabalho inovador, √©tico, inclusivo, seguro, que respeita as pessoas e suas individualidades e √© prop√≠cio ao desenvolvimento cont√≠nuo de habilidades comportamentais e profissionais.

‚ö° DIFERENTES TIPOS DE ENERGIA, CONSTRU√çDA POR UM TIME M√öLTIPLO E OUSADO ‚ö°

Somos uma refer√™ncia global em bioenergia. Joint venture entre a Shell e a Cosan, sendo a quarta empresa em , somos a a partir da cana-de-a√ß√∫car no mundo, al√©m de produzirmos a√ß√∫car e bioenergia. Distribu√≠mos combust√≠veis e tamb√©m os comercializamos em postos do Brasil e da Argentina, por meio dos . Investimos em para expandir a oferta de . Assim, trabalhamos pela na transi√ß√£o energ√©tica e para



Fazer , prezar pela e do nosso time, gerar e garantir uma fazem parte do nosso dia a dia.

Enquanto muitas empresas ainda fazem promessas para 2050, n√≥s ‚Äì evitamos 5,2MM de ton de C02 por ano (refer√™ncia de 2020) e at√© 2030 essa emiss√£o evitada. Por isso somosConhe√ßa nossos compromissos de sustentabilidade para at√© 2030.

üí°

Temos que permitem impulsionar a e administrar nossos neg√≥cios com mais Criamos o aplicativo , que nos aproxima do cliente final nos postos Shell e oferece umaE em nosso portf√≥lio de temos o E2G - ele √© produzido a partir de um processo inovador que possibilita a na mesma √°rea plantada. Tamb√©m contamos com onosso hub de inova√ß√£o aberta.

üíú

Respeito, diversidade e inclus√£o est√£o na raiz de tudo! Buscamos promover um ambiente de trabalho inovador, √©tico, inclusivo, seguro, que respeita as pessoas e suas individualidades e √© prop√≠cio ao desenvolvimento cont√≠nuo de habilidades comportamentais e profissionais.

‚ö° DIFERENTES TIPOS DE ENERGIA, CONSTRU√çDA POR UM TIME M√öLTIPLO E OUSADO ‚ö°

Somos uma refer√™ncia global em bioenergia. Joint venture entre a Shell e a Cosan, sendo a quarta empresa em , somos a a partir da cana-de-a√ß√∫car no mundo, al√©m de produzirmos a√ß√∫car e bioenergia. Distribu√≠mos combust√≠veis e tamb√©m os comercializamos em postos do Brasil e da Argentina, por meio dos . Investimos em para expandir a oferta de . Assim, trabalhamos pela na transi√ß√£o energ√©tica e para



Fazer , prezar pela e do nosso time, gerar e garantir uma fazem parte do nosso dia a dia.

Enquanto muitas empresas ainda fazem promessas para 2050, n√≥s ‚Äì evitamos 5,2MM de ton de C02 por ano (refer√™ncia de 2020) e at√© 2030 essa emiss√£o evitada. Por isso somosConhe√ßa nossos compromissos de sustentabilidade para at√© 2030.

üí°

Temos que permitem impulsionar a e administrar nossos neg√≥cios com mais Criamos o aplicativo , que nos aproxima do cliente final nos postos Shell e oferece umaE em nosso portf√≥lio de temos o E2G - ele √© produzido a partir de um processo inovador que possibilita a na mesma √°rea plantada. Tamb√©m contamos com onosso hub de inova√ß√£o aberta.

üíú

Respeito, diversidade e inclus√£o est√£o na raiz de tudo! Buscamos promover um ambiente de trabalho inovador, √©tico, inclusivo, seguro, que respeita as pessoas e suas individualidades e √© prop√≠cio ao desenvolvimento cont√≠nuo de habilidades comportamentais e profissionais."
2,Globo,Pessoa Engenheira de Dados | Big Data & AI,Brasil,"N√≠vel de experi√™ncia
Pleno-s√™nior","Job Description

O Hub Digital faz parte da nossa √°rea de Estrat√©gia e Tecnologia, tendo papel de destaque na nossa transforma√ß√£o em uma empresa media tech e D2C. Aqui cuidamos da gest√£o de dados e do desenvolvimento dos nossos produtos digitais como Globoplay, Globo.com, fam√≠lia G (G1, Ge, Gshow) e Cartola, visando a melhor experi√™ncia de consumo, intera√ß√£o e relacionamento com os nossos usu√°rios.

Trabalhamos com uma variedade de tecnologias e linguagens para atingir nossos objetivos, al√©m de estabelecermos uma rela√ß√£o cont√≠nua e crescente de compartilhamento de solu√ß√µes com a comunidade de tecnologia!



Nossa √°rea de Big Data & AI √© um dos maiores cases de Big Data no Brasil. Pelos nossos produtos passam mais de 100 milh√µes de usu√°rios √∫nicos e s√£o produzidos centenas de milhares de conte√∫dos novos todos os meses. Se voc√™ gosta de gerar impacto positivo na vida de milh√µes de usu√°rios essa vaga √© pra voc√™!

Nesta vaga, voc√™ ira desenvolver modelos de dados definidos, que unem grandes volumes de dados de toda a organiza√ß√£o, trabalhando em l√≥gicas de transforma√ß√£o de dados para converter dados brutos em modelos que atendam √†s necessidades dos usu√°rios.

Buscamos o novo e o diferente. Queremos a d√∫vida, a tentativa, o debate. Quando erramos, aprendemos com nossos erros e compartilhamos nosso aprendizado.

O real aprendizado acontece quando conhecemos novas ideias, novas pessoas, novas tecnologias. Estar aberto ao outro e √† diversidade √© fundamental para a criatividade, para a tomada de decis√µes, para o crescimento. Na Globo, estimulamos a diversidade de pensamento e de representatividade. Todas as pessoas s√£o bem vindas nos nossos processos e nos nossos times.

Main responsibilities












Additional information




Nossos processos seletivos est√£o acontecendo de forma 100% remota e n√≥s encorajamos inscri√ß√µes de qualquer lugar do Brasil e do mundo. #vempraglobo

Seguindo o compromisso de contribuir para um ambiente seguro para nossas pessoas, informamos que a vacina√ß√£o contra a Covid-19 √© uma condi√ß√£o obrigat√≥ria para o trabalho na Globo, presencial ou a dist√¢ncia, e que o comprovante dever√° ser apresentado como pr√©-requisito para a contrata√ß√£o.

Quer saber mais sobre como √© trabalhar na Globo? Vem acompanhar nosso dia a dia, desafios e conquistas nas nossas redes:

https://www.linkedin.com/company/globo

https://www.instagram.com/vempraglobo

https://www.youtube.com/c/VemPraGlobo/

Os seus dados pessoais ser√£o utilizados para fins de sele√ß√£o de candidatos para preenchimento das vagas abertas na Globo. Os dados pessoais coletados durante o processo seletivo dos candidatos que n√£o forem admitidos neste momento poder√£o ser mantidos nos bancos de dados para considera√ß√£o em futuros processos seletivos. Todos os dados coletados ser√£o tratados segundo r√≠gidos padr√µes de seguran√ßa da informa√ß√£o e em total respeito √†s leis de privacidade aplic√°veis, incluindo a Lei 13.709/18, e nos termos de nossa pol√≠tica de privacidade, dispon√≠vel no link:

https://vempraglobo.g.globo/files/politica_de_privacidade.pdf

Ao prosseguir voc√™ est√° ciente e de acordo para realiza√ß√£o de sua candidatura nestes termos.

‚ú®somos globo‚ú®

A Globo √© feita de gente que quer fazer diferente, fazer junto, fazer o futuro. Gente espalhada por todo o pa√≠s (e mundo!) trabalhando com conte√∫do, not√≠cias, neg√≥cios, tecnologia e brasilidade de sobra.

Canais na TV aberta e por assinatura, produtos digitais como Globoplay, Cartola, G1, Ge, Gshow e outros servi√ßos est√£o reunidos no mesmo lugar, na mesma Globo.

Nos transformamos em uma empresa mediatech, colocando o cliente no centro, com foco na produ√ß√£o tanto de conte√∫do como de tecnologias que permitem nosso p√∫blico escolher o que, quando e como assistir.

Queremos ser um ambiente onde todas as pessoas se encontram, com respeito e valoriza√ß√£o das diferen√ßas. Porque √© assim que a gente re√∫ne ideias, opini√µes, pensamentos e hist√≥rias diversas. Quanto melhor representarmos aqui dentro as pessoas que buscamos informar e emocionar, maior ser√° nossa capacidade de criar v√≠nculos verdadeiros com os milh√µes de brasileiros e brasileiras que entram em contato com nossos produtos, hist√≥rias e not√≠cias todos os dias.

Para isso se tornar realidade contamos com o que temos de mais valioso: nossos times.

Quer fazer parte dessa transforma√ß√£o tamb√©m? #VemPraGlobo ;)

acompanhe a gente üòâ"
3,PicPay,Pessoa Cientista de Dados (Data Science) | Tech & Produtos,"S√£o Paulo, SP","N√≠vel de experi√™ncia
Assistente","JOB DESCRIPTION

O PicPay √© uma plataforma de pagamento criada para quebrar barreiras e eliminar burocracias. N√≥s existimos para melhorar a vida das pessoas e s√≥ conseguimos fazer isso porque temos pessoas fant√°sticas aqui dentro. O que voc√™ vai fazer por aqui? Buscamos pessoas que sejam apaixonadas por construir aplica√ß√µes inteligentes, distribu√≠das e de alta performance para milh√µes de novos usu√°rios em todo o Brasil.







Nossa miss√£o √© deixar a vida das pessoas mais f√°cil todos os dias, e voc√™ pode fazer parte disso! üöÄ

Fundado em Vit√≥ria (ES) em 2012, o PicPay √© uma empresa de tecnologia que nasceu para tornar a vida financeira mais f√°cil ao reinventar a forma como as pessoas lidam com dinheiro, fazem compras e se comunicam. Em 2015, a empresa foi investida pelo grupo J&F, um dos maiores conglomerados empresariais do Brasil.

Atualmente, com 60 milh√µes de usu√°rios, o PicPay busca oferecer produtos e servi√ßos para todos os momentos do dia a dia dos clientes, combinando os benef√≠cios de cinco frentes em uma √∫nica plataforma: social, carteira digital, marketplace financeiro, PicPay Store e an√∫ncios.



Nossos valores, s√£o nossos guias para tomada de decis√µes. S√£o eles: Atitude de Dono, Disciplina, Determina√ß√£o, Disponibilidade, Simplicidade, Humildade e Franqueza.



Somos uma equipe diversa conectada pelos mesmos valores, e para cumprirmos essa miss√£o, acreditamos que a diversidade √© fundamental nessa jornada. O respeito, a √©tica, a busca pela equidade e a valoriza√ß√£o da pluralidade s√£o elementos inegoci√°veis e fazem parte da pr√°tica do nosso dia a dia aqui no PicPay.

Nossos grupos de afinidades como o Afro (pessoas pretas), Inclui (pessoas com defici√™ncia), Pride (LGBTQIA+) e Elas Que Lutem Juntas (mulheres), desenvolvem projetos e treinamentos recorrentes, al√©m de a√ß√µes estruturantes para que nosso ambiente tenha mais seguran√ßa e inclus√£o.

Por isso, nossas vagas est√£o abertas para todas as pessoas, independente de g√™nero, religi√£o, etnia, defici√™ncia, idade, orienta√ß√£o sexual ou qualquer outro fator.

üíö



Al√©m de Assist√™ncia M√©dica e Odontol√≥gica, oferecemos Seguro de Vida e o PicPay Acolhe, um programa que cuida de voc√™ e seus familiares, com apoio jur√≠dico, social, psicol√≥gico e financeiro. E claro, n√£o podemos esquecer da nossa parceria com a Gympass.

Por meio de um cart√£o de cr√©dito, bandeira Visa, voc√™ recebe seu saldo de Alimenta√ß√£o ou Refei√ß√£o e Mobilidade, com a op√ß√£o de escolher o melhor uso do seu saldo.

Sabemos que esse √© um momento especial para uma fam√≠lia, e por isso oferecemos Licen√ßa Maternidade estendida de 6 meses, e de Paternidade tamb√©m estendida de 20 dias.

PPR - Participa√ß√£o nos Resultados do PicPay.

Quer conhecer mais um pouco e estar sempre conectado com o PicPay? Acompanhe nossas redes sociais. üåé"
4,,,,,
5,,,,,
6,Pipa Studios,Analista de dados,"S√£o Paulo, Brasil","N√≠vel de experi√™ncia
Pleno-s√™nior","QUEM SOMOS:
Pipa Studios √© l√≠der no segmento de Bingo Social na Am√©rica do Sul e atua no desenvolvimento de jogos mobile desde 2012. Nossa base est√° em S√£o Paulo, Brasil, e atuamos de forma global marcando presen√ßa nos mercados do M√©xico, Espanha, It√°lia, Fran√ßa e USA."
7,,,,,
8,,,,,
9,Vibra Energia,Cientista de Dados JR,"Rio de Janeiro, RJ","N√≠vel de experi√™ncia
N√£o aplic√°vel","Buscamos para nosso time um Cientista de Dados JR para nosso time.

Responsabilidades e atribui√ß√µes
Experi√™ncia em linguagem de programa√ß√£o como R, Python, ferramentas de Data Science;"
10,,,,,
11,,,,,
12,,,,,
13,,,,,
14,,,,,
15,,,,,
16,,,,,
17,,,,,
18,Instituto de Pesquisas Eldorado,Cientista de Dados / ML,"Campinas, SP","N√≠vel de experi√™ncia
N√£o aplic√°vel","Atividades:
Operar estrutura anal√≠tica para o processo de descoberta de conhecimento
Realizar an√°lise de dados em grande escala e web scraping para ter em mente o feedback de informa√ß√µes √∫teis da web

:"
19,,,,,
20,,,,,
21,,,,,
22,,,,,
23,,,,,
24,PicPay,Pessoa Cientista de Dados Especialista | Staff (Busca),Brasil,"N√≠vel de experi√™ncia
Assistente","JOB DESCRIPTION

A tribo de Personaliza√ß√£o e Experimenta√ß√£o tem por ess√™ncia facilitar a vida do usu√°rio PicPay, por meio do match perfeito entre seus h√°bitos de consumo, comportamentos e as infinitas a√ß√µes/itens dentro do aplicativo. Logo, queremos criar a melhor experi√™ncia, facilitando sua vida e gerando seu engajamento.

Para tal, a squad de recomenda√ß√£o busca um(a) cientista de dados staff para criar experi√™ncias encantadoras atrav√©s de modelos de recomenda√ß√£o e de machine learning, onde possamos encontrar as melhores recomenda√ß√µes para o usu√°rio final.

No seu dia a dia, vir√£o perguntas como: e muitas outras correlatas.

Estamos procurando pessoas apaixonadas por misturar ci√™ncia de dados e personaliza√ß√£o, tendo autonomia de aplica√ß√£o de modelos como NLP, Classifica√ß√£o, Clustering, Regress√£o, Recomenda√ß√£o e outros na experi√™ncia do usu√°rio. Tudo isso em parceria com os engenheiros de softwares e de machine learning para colocar os modelos em pr√°tica.

Junta-se a n√≥s e venha estudar o comportamento de milh√µes de usu√°rios e recomendar o item/a√ß√£o ideal atrav√©s da personaliza√ß√£o. Com o aux√≠lio de m√©tricas, nosso time tem autonomia de criar hip√≥teses e experimentarmos - amamos testar e nos movermos r√°pido.

Esta √© uma rara oportunidade de usar seu conhecimento em ci√™ncia de dados e aplic√°-lo a um produto usado por milh√µes de pessoas todos os dias.










Nossa miss√£o √© deixar a vida das pessoas mais f√°cil todos os dias, e voc√™ pode fazer parte disso! üöÄ

Fundado em Vit√≥ria (ES) em 2012, o PicPay √© uma empresa de tecnologia que nasceu para tornar a vida financeira mais f√°cil ao reinventar a forma como as pessoas lidam com dinheiro, fazem compras e se comunicam. Em 2015, a empresa foi investida pelo grupo J&F, um dos maiores conglomerados empresariais do Brasil.

Atualmente, com 60 milh√µes de usu√°rios, o PicPay busca oferecer produtos e servi√ßos para todos os momentos do dia a dia dos clientes, combinando os benef√≠cios de cinco frentes em uma √∫nica plataforma: social, carteira digital, marketplace financeiro, PicPay Store e an√∫ncios.



Nossos valores, s√£o nossos guias para tomada de decis√µes. S√£o eles: Atitude de Dono, Disciplina, Determina√ß√£o, Disponibilidade, Simplicidade, Humildade e Franqueza.



Somos uma equipe diversa conectada pelos mesmos valores, e para cumprirmos essa miss√£o, acreditamos que a diversidade √© fundamental nessa jornada. O respeito, a √©tica, a busca pela equidade e a valoriza√ß√£o da pluralidade s√£o elementos inegoci√°veis e fazem parte da pr√°tica do nosso dia a dia aqui no PicPay.

Nossos grupos de afinidades como o Afro (pessoas pretas), Inclui (pessoas com defici√™ncia), Pride (LGBTQIA+) e Elas Que Lutem Juntas (mulheres), desenvolvem projetos e treinamentos recorrentes, al√©m de a√ß√µes estruturantes para que nosso ambiente tenha mais seguran√ßa e inclus√£o.

Por isso, nossas vagas est√£o abertas para todas as pessoas, independente de g√™nero, religi√£o, etnia, defici√™ncia, idade, orienta√ß√£o sexual ou qualquer outro fator.

üíö



Al√©m de Assist√™ncia M√©dica e Odontol√≥gica, oferecemos Seguro de Vida e o PicPay Acolhe, um programa que cuida de voc√™ e seus familiares, com apoio jur√≠dico, social, psicol√≥gico e financeiro. E claro, n√£o podemos esquecer da nossa parceria com a Gympass.

Por meio de um cart√£o de cr√©dito, bandeira Visa, voc√™ recebe seu saldo de Alimenta√ß√£o ou Refei√ß√£o e Mobilidade, com a op√ß√£o de escolher o melhor uso do seu saldo.

Sabemos que esse √© um momento especial para uma fam√≠lia, e por isso oferecemos Licen√ßa Maternidade estendida de 6 meses, e de Paternidade tamb√©m estendida de 20 dias.

PPR - Participa√ß√£o nos Resultados do PicPay.

Quer conhecer mais um pouco e estar sempre conectado com o PicPay? Acompanhe nossas redes sociais. üåé"
25,,,,,
26,,,,,
27,,,,,
28,,,,,
29,,,,,
30,,,,,
31,,,,,
32,Natura,Analista de Performance Jr (KPIs),"S√£o Paulo, SP","N√≠vel de experi√™ncia
J√∫nior","Natura faz parte do grupo Natura &Co, formado por quatro marcas de beleza ic√¥nicas: Avon, Natura, The Body Shop e Aesop, cada uma com miss√£o e esp√≠rito √∫nicos, mas conectadas pelo prop√≥sito comum de construir, juntas, o caminho para um futuro melhor. Presentes em mais de 100 pa√≠ses e com mais de 200 milh√µes de consumidores, e entendendo que promover beleza PARA o mundo √©, tamb√©m, deixar um legado, as empresas ajudam a transformar a sociedade a partir da forma como desenvolvem seus neg√≥cios, promovendo a valoriza√ß√£o da inclus√£o e da diversidade, a prote√ß√£o do meio ambiente e a gera√ß√£o de oportunidades e renda √†s mulheres.









Profissional para desenvolver e efetuar manuten√ß√µes e melhorias de dashboards que divulgam os KPIs estrat√©gicos e de gest√£o de rotina de Supply Chain da Natura&CO para apoiar na garantia de qualidade do servi√ßo, custo e experi√™ncia prestados pelas √°reas clientes e nas entregas de seus resultados.



Participar de projetos de baixa complexidade, administrar os bancos de dados que alimentam os indicadores, desenvolver novos dashboards (em Tableau, Power BI ou Excel) e efetuar manuten√ß√µes e melhorias nos dashboards j√° existentes de divulga√ß√£o dos KPIs estrat√©gicos e de gest√£o de rotina de Supply Chain da Natura&CO, garantindo a consist√™ncia e coer√™ncia dos dados antes de disponibilizar para os clientes internos, a fim de garantir o acesso a informa√ß√µes confi√°veis para que possam entregar seus resultados de servi√ßo, custo e experi√™ncia.



Boa comunica√ß√£o

Habilidade de comunica√ß√£o

Estrat√©gica e com vis√£o de futuro

Empolgada e confiante para testar novas solu√ß√µes fora do padr√£o

Relacionamento interpessoal

Trabalho em equipe;

Senso de urg√™ncia



Ensino superior completo em Ci√™ncia de Dados, Administra√ß√£o, Engenharia e √°reas correlatas.

Excel avan√ßado

Conhecimento avan√ßado em Tableau e Power BI.

Dom√≠nio em constru√ß√£o de Dashboards.

Desej√°vel Conhecimento em Log√≠stica.

Diferencial conhecimento em SAP e BO"
33,,,,,
34,Kunumi,Cientista de Dados (Remoto),"Belo Horizonte, MG","N√≠vel de experi√™ncia
Assistente","Junte-se a n√≥s do Coop, um time dedicado a aplicar o estado da arte em Machine Learning para resolver problemas complexos, desenvolver solu√ß√µes robustas, escal√°veis e que promovem impacto s√≥cio-ambiental.

Aqui voc√™ trabalhar√° lado a lado com cientistas de dados experientes, atuando desde o entendimento do problema, recebimento e prepara√ß√£o dos dados, desenvolvimento da modelagem e implanta√ß√£o. Estar√° tamb√©m muito pr√≥ximo dos especialistas de neg√≥cio, desenvolvendo colaborativamente solu√ß√µes de impacto.

Voc√™ se sentir√° em casa se for uma pessoa inquieta e resiliente, que valoriza o pensamento cr√≠tico e aprecia a empatia.





Desenvolver modelos utilizando t√©cnicas de Intelig√™ncia Artificial (preferencialmente em Python), passando pela coleta e tratamento dos dados, engenharia de features e modelagem (de estat√≠stica at√© deep learning ou outras t√©cnicas contempor√¢neas). Al√©m disso, √© importante saber lidar com clientes e parceiros para levantar requisitos t√©cnicos, especificar a arquitetura dos modelos de intelig√™ncia artificial mais apropriada, identificar limita√ß√µes dos m√©todos existentes e apresentar resultados. √â importante tamb√©m saber decidir quando um modelo est√° pronto para ser implantando em produ√ß√£o e como monitor√°-lo, al√©m de criar visualiza√ß√µes que elucidem suas decis√µes e qualidade. Encapsular tudo isso em APIs f√°ceis de usar, robustas e bem documentadas.

Desenvolvemos prioritariamente em ambiente Linux. Usamos ferramentas open-source e bibliotecas desenvolvidas tanto pela comunidade quanto pela pr√≥pria Kunumi.



Remoto



Kunumi √© um espa√ßo onde reimaginamos desafios complexos por meio de tecnologias emergentes. Nossa miss√£o √© desbloquear novos pontos de vista e descobertas que possam levar a n√≥s, humanos e nosso planeta, a um futuro equilibrado.



Na Kunumi, cultivamos a autonomia e respeitamos as lideran√ßas naturais. Sua voz ser√° ouvida num ambiente de decis√µes compartilhadas, onde a evolu√ß√£o acontece por meio da co-cria√ß√£o.

O aprendizado cont√≠nuo est√° no nosso DNA, e n√£o raras vezes, √© proporcionado pela pessoa que est√° logo ali, ao seu lado. Temos uma curiosidade imensa pelo mundo, pelas coisas da ci√™ncia e da natureza.

Isso implica em transforma√ß√£o e voc√™ poder√° responder naturalmente √† isso, redirecionando sua carreira ou influenciando a mudan√ßa do seu ambiente. Novas possibilidades emergem e voc√™ √© respons√°vel pelas suas escolhas.

Estamos sempre em busca de maior solidariedade, toler√¢ncia e diversidade e os melhores momentos de trabalho s√£o sempre aqueles em que a co-cria√ß√£o, a empatia e o desapego √†s pr√≥prias ideias est√£o em fluxo. Trabalhamos juntos, com a vontade sincera de reimaginar um futuro melhor ‚Äì e nos divertimos no processo.






Se voc√™ se v√™ parte desse time, anexe seu curr√≠culo e qualquer outra informa√ß√£o relevante. Queremos conhec√™-la e ouvir suas hist√≥rias, paix√µes e como seus valores se alinham √† nossa miss√£o.

Depois de enviar sua inscri√ß√£o, voc√™ receber√° um e-mail de confirma√ß√£o. Responderemos pessoalmente a todos os candidatos.

Acreditamos que a diversidade promove a criatividade e acelera resultados positivos, portanto, consideramos todos os candidatos n√£o somente pela qualifica√ß√£o t√©cnica, mas tamb√©m como nos complementa como grupo.



Envie seu curr√≠culo para contando um pouco sobre voc√™ e por que gostaria de trabalhar conosco. Entraremos em contato assim que surgirem novas oportunidades."
35,,,,,
36,,,,,
37,,,,,
38,,,,,
39,Bayer,HR Data Jr Analyst | EF | S√£o Paulo - SP,"S√£o Paulo, SP","N√≠vel de experi√™ncia
J√∫nior","Somos vision√°rios, motivados a resolver os desafios mais dif√≠ceis do mundo e nos esfor√ßando por um mundo onde sa√∫de para todos...fome para ningu√©m n√£o √© mais um sonho, e sim uma possibilidade real.

Estamos fazendo isso com energia, curiosidade e dedica√ß√£o absoluta, sempre aprendendo a partir de perspectivas peculiares daqueles ao nosso redor, expandindo nosso pensamento, aumentando nossas capacidades e redefinindo o ‚Äúimposs√≠vel‚Äù.





Na Bayer, trabalhamos para tornar nossa empresa um lugar melhor para nossos funcion√°rios - e o mundo um lugar melhor para todos, isso faz parte de nossa miss√£o ‚ÄúCi√™ncia para uma vida melhor‚Äù.

A Bayer √© uma empresa global com compet√™ncias essenciais nas √°reas de Ci√™ncias da Vida, em sa√∫de e agricultura. Como empresa de inova√ß√£o, define tend√™ncias em √°reas de pesquisa intensiva. Os produtos e servi√ßos da Bayer s√£o projetados para beneficiar as pessoas e melhorar sua qualidade de vida.

Nos comprometemos com diversidade em todos os aspectos para todos os colaboradores e candidatos. Sem distin√ß√£o, seja por etnia, cor, ra√ßa, religi√£o, origem, idade, sexo, identidade ou express√£o de g√™nero, orienta√ß√£o sexual ou outras condi√ß√µes. Lembrando que todas as nossas oportunidades est√£o abertas para pessoas com defici√™ncia.



A √°rea de People Analytics da Bayer √© respons√°vel por gerar an√°lises e data products que visam facilitar a tomada de decis√£o estrat√©gica sobre pessoas atrav√©s de dados, trazendo impacto e relev√¢ncia para a organiza√ß√£o. Al√©m disso, temos o papel de influenciar a comunidade a ter uma cultura voltada para decis√µes mais orientadas a dados.

Auxiliamos os gestores e neg√≥cios a tomarem as melhores decis√µes em cen√°rios com muitas vari√°veis. Promovendo e apoiando a democratiza√ß√£o, transpar√™ncia e qualidade de dados de capital humano na organiza√ß√£o. Um dos nossos desafios atuais √© atrav√©s de dados hist√≥ricos internos e de mercado entregar maior previsibilidade de cen√°rios e assim direcionar estrategicamente a tomada de decis√£o .







Na Bayer estabelecemos nossos benef√≠cios em tr√™s pilares essenciais, que se integram e se convergem para promover a qualidade de vida e o bem-estar dos nossos colaboradores.





Se seus conhecimentos e suas experi√™ncias pessoais combinam com este perfil,

por gentileza, acesse www.bayer.com.br e envie seu curr√≠culo completo.

Brasil : S√£o Paulo : S√£o Paulo

Enabling Functions

671704"
40,,,,,
41,Neoway,Pessoa Engenheira de Machine Learning Pleno - Full Remoto,Brasil,"N√≠vel de experi√™ncia
Pleno-s√™nior","Sobre n√≥s:
A Neoway √© a maior empresa da Am√©rica Latina de Big Data Analytics e Intelig√™ncia Artificial para neg√≥cios. Fundada em Florian√≥polis e hoje com atua√ß√£o nacional, oferece solu√ß√µes inteligentes que transformam informa√ß√£o em conhecimento e geram produtividade e precis√£o para as estrat√©gias de marketing, compliance, preven√ß√£o contra perdas, entre outros."
42,,,,,
43,,,,,
44,,,,,
45,,,,,
